AllianceCaCode,ScientificName,Provisional,ClassifLevel,PrimaryLifeform,DateAdded
88.800.00,Abies amabilis,,Alliance,Tree,11/1/95
88.300.00,Abies bracteata,,Alliance,Tree,11/1/95
88.500.00,Abies concolor,,Alliance,Tree,11/1/95
88.510.00,Abies concolor – Pinus lambertiana,,Alliance,Tree,9/1/09
88.530.00,Abies concolor – Pseudotsuga menziesii,,Alliance,Tree,9/1/09
88.100.00,Abies grandis – Picea sitchensis – Thuja plicata,,Alliance,Tree,11/1/95
88.400.00,Abies lasiocarpa,,Alliance,Tree,11/1/95
88.200.00,Abies magnifica,,Alliance,Tree,11/1/95
88.520.00,Abies magnifica – Abies concolor [inactive],,Alliance,Tree,9/1/09
61.450.00,Acer macrophyllum,,Alliance,Tree,9/1/09
61.440.00,Acer negundo,,Alliance,Tree,9/1/09
75.100.00,Aesculus californica,,Alliance,Tree,11/1/95
61.420.00,Alnus rhombifolia,,Alliance,Tree,11/1/95
61.410.00,Alnus rubra,,Alliance,Tree,11/1/95
73.200.00,Arbutus menziesii,,Alliance,Tree,9/1/09
33.120.00,Bursera microphylla,,Special Stands,Tree,11/1/95
81.606.00,Hesperocyparis abramsiana [inactive],,Special Stands,Tree,11/1/95
81.601.00,Hesperocyparis bakeri,,Alliance,Tree,11/1/95
81.607.00,Hesperocyparis forbesii [inactive],,Alliance,Tree,11/1/95
81.603.00,Hesperocyparis goveniana [inactive],,Special Stands,Tree,11/1/95
81.300.00,Hesperocyparis macnabiana [inactive],,Alliance,Tree,11/1/95
81.604.00,Hesperocyparis macrocarpa [inactive],,Special Stands,Tree,11/1/95
81.605.00,Hesperocyparis nevadensis [inactive],,Alliance,Tree,11/1/95
81.200.00,Callitropsis nootkatensis,,Alliance,Tree,11/1/95
81.400.00,Hesperocyparis pigmaea [inactive],,Alliance,Tree,11/1/95
81.500.00,Hesperocyparis sargentii [inactive],,Alliance,Tree,11/1/95
81.610.00,Hesperocyparis stephensonii,,Special Stands,Tree,11/1/95
85.100.00,Calocedrus decurrens,,Alliance,Tree,11/1/95
81.100.00,Chamaecyparis lawsoniana,,Alliance,Tree,11/1/95
61.550.00,Chilopsis linearis [inactive],,Alliance,Tree,9/1/09
79.100.00,Eucalyptus spp. – Ailanthus altissima – Robinia pseudoacacia,,Semi-Natural Alliance,Tree,11/1/95
61.960.00,Fraxinus latifolia,,Alliance,Tree,9/1/09
72.100.00,Juglans californica,,Alliance,Tree,11/1/95
61.810.00,Juglans hindsii and Hybrids,,Special Stands and Semi-Natural Alliance,Tree,11/1/95
89.100.00,Juniperus californica,,Alliance,Tree,11/1/95
89.200.00,Juniperus grandis,,Alliance,Tree,11/1/95
89.400.00,Juniperus occidentalis,,Alliance,Tree,11/1/95
89.300.00,Juniperus osteosperma,,Alliance,Tree,11/1/95
73.100.00,Notholithocarpus densiflorus,,Alliance,Tree,11/1/95
77.000.00,Lyonothamnus floribundus [inactive],,Special Stands,Tree,11/1/95
61.545.00,Parkinsonia florida – Olneya tesota,,Alliance,Tree,11/1/95
83.300.00,Picea breweriana,,Alliance,Tree,9/1/09
83.100.00,Picea engelmannii,,Alliance,Tree,11/1/95
83.200.00,Picea sitchensis,,Alliance,Tree,11/1/95
87.180.00,Pinus albicaulis,,Alliance,Tree,11/1/95
87.100.00,Pinus attenuata,,Alliance,Tree,11/1/95
87.150.00,Pinus balfouriana,,Alliance,Tree,11/1/95
87.060.00,Pinus contorta ssp. contorta,,Alliance,Tree,11/1/95
87.080.00,Pinus contorta ssp. murrayana,,Alliance,Tree,11/1/95
87.090.00,Pinus coulteri,,Alliance,Tree,11/1/95
87.050.00,Pinus edulis,,Alliance,Tree,11/1/95
87.160.00,Pinus flexilis,,Alliance,Tree,11/1/95
87.020.00,Pinus jeffreyi,,Alliance,Tree,11/1/95
87.206.00,Pinus lambertiana,,Alliance,Tree,9/1/09
87.140.00,Pinus longaeva,,Alliance,Tree,11/1/95
87.040.00,Pinus monophylla – (Juniperus osteosperma),,Alliance,Tree,11/1/95
87.170.00,Pinus monticola,,Alliance,Tree,11/1/95
87.070.00,Pinus muricata [inactive],,Alliance,Tree,11/1/95
87.010.00,Pinus ponderosa,,Alliance,Tree,11/1/95
87.015.00,Pinus ponderosa – Calocedrus decurrens [inactive],,Alliance,Tree,11/1/95
82.400.00,Pinus ponderosa – Pseudotsuga menziesii [inactive],,Alliance,Tree,11/1/95
87.030.00,Pinus quadrifolia,,Alliance,Tree,11/1/95
87.110.00,Pinus radiata [inactive],,Alliance,Tree,11/1/95
87.130.00,Pinus sabiniana,,Alliance,Tree,11/1/95
87.190.00,Pinus torreyana,,Alliance,Tree,11/1/95
87.120.00,Pinus ponderosa var. washoensis [inactive],,Alliance,Tree,11/1/95
61.310.00,Platanus racemosa – Quercus agrifolia,,Alliance,Tree,11/1/95
61.130.00,Populus fremontii – Fraxinus velutina – Salix gooddingii,,Alliance,Tree,11/1/95
61.111.00,Populus tremuloides,,Alliance,Tree,11/1/95
61.120.00,Populus trichocarpa,,Alliance,Tree,11/1/95
61.512.00,Prosopis glandulosa [inactive],,Alliance,Tree,9/1/09
61.513.00,Prosopis pubescens [inactive],,Alliance,Tree,9/1/09
82.100.00,Pseudotsuga macrocarpa,,Alliance,Tree,11/1/95
82.200.00,Pseudotsuga menziesii [inactive],,Alliance,Tree,11/1/95
82.600.00,Pseudotsuga menziesii – Calocedrus decurrens,,Alliance,Tree,9/1/09
82.500.00,Pseudotsuga menziesii – Notholithocarpus densiflorus [inactive],,Alliance,Tree,11/1/95
61.570.00,Psorothamnus spinosus [inactive],,Alliance,Tree,9/1/09
71.060.00,Quercus agrifolia,,Alliance,Tree,11/1/95
71.050.00,Quercus chrysolepis (tree),,Alliance,Tree,11/1/95
71.020.00,Quercus douglasii,,Alliance,Tree,11/1/95
71.070.00,Quercus engelmannii,,Alliance,Tree,11/1/95
71.030.00,Quercus garryana (tree),,Alliance,Tree,11/1/95
71.010.00,Quercus kelloggii,,Alliance,Tree,11/1/95
71.035.00,Quercus lobata,,Alliance,Tree,2/27/25
71.085.00,Quercus parvula var. shrevei [inactive],Provisional,Alliance,Tree,9/1/09
71.100.00,"Quercus (agrifolia, douglasii, garryana, kelloggii, lobata, wislizeni)",,Alliance,Tree,11/1/95
71.090.00,Quercus tomentella [inactive],,Special Stands,Tree,11/1/95
71.080.00,Quercus wislizeni – Quercus parvula (tree),,Alliance,Tree,11/1/95
61.211.00,Salix gooddingii [inactive],,Alliance,Tree,11/1/95
61.205.00,Salix laevigata [inactive],,Alliance,Tree,11/1/95
61.204.00,Salix lucida ssp. lasiandra,,Alliance,Tree,11/1/95
79.200.00,"Schinus (molle, terebinthifolius) – Myoporum laetum",,Semi-Natural Alliance,Tree,9/1/09
86.100.00,Sequoia sempervirens,,Alliance,Tree,11/1/95
86.200.00,Sequoiadendron giganteum,,Alliance,Tree,11/1/95
84.200.00,Tsuga heterophylla,,Alliance,Tree,11/1/95
84.100.00,Tsuga mertensiana,,Alliance,Tree,11/1/95
74.100.00,Umbellularia californica,,Alliance,Tree,11/1/95
61.520.00,Washingtonia filifera,,Alliance,Tree,11/1/95
33.170.00,Yucca brevifolia,,Alliance,Tree,11/1/95
33.040.00,Acacia greggii [inactive],,Alliance,Shrub,11/1/95
61.430.00,Acer glabrum,Provisional,Alliance,Shrub,9/1/09
37.101.00,Adenostoma fasciculatum,,Alliance,Shrub,11/1/95
37.103.00,Adenostoma fasciculatum – Salvia apiana [inactive],,Alliance,Shrub,11/1/95
37.102.00,Adenostoma fasciculatum – Salvia mellifera [inactive],,Alliance,Shrub,11/1/95
37.109.00,Xylococcus bicolor,,Alliance,Shrub,11/1/95
37.501.00,Adenostoma sparsifolium,,Alliance,Shrub,11/1/95
33.075.00,Agave deserti,,Alliance,Shrub,9/1/09
36.120.00,Allenrolfea occidentalis,,Alliance,Shrub,11/1/95
63.210.00,Alnus incana,,Alliance,Shrub,11/1/95
63.220.00,Alnus viridis,Provisional,Alliance,Shrub,11/1/95
33.060.00,Ambrosia dumosa,,Alliance,Shrub,11/1/95
33.200.00,Ambrosia salsola – Bebbia juncea,,Alliance,Shrub,9/1/09
37.317.00,Arctostaphylos bakeri [inactive],,Special Stands,Shrub,9/1/09
37.311.00,Arctostaphylos canescens [inactive],Provisional,Alliance,Shrub,9/1/09
37.308.00,"Arctostaphylos (crustacea, tomentosa)",,Alliance,Shrub,11/1/95
37.302.00,Arctostaphylos glandulosa,,Alliance,Shrub,11/1/95
37.301.00,Arctostaphylos glauca,,Alliance,Shrub,11/1/95
37.321.00,Arctostaphylos hookeri,Provisional,Alliance,Shrub,9/1/09
37.312.00,Arctostaphylos hooveri,,Alliance,Shrub,9/1/09
37.313.00,Arctostaphylos manzanita [inactive],Provisional,Alliance,Shrub,9/1/09
37.307.00,Arctostaphylos montana [inactive],,Alliance,Shrub,9/1/09
37.314.00,Arctostaphylos montereyensis,Provisional,Alliance,Shrub,9/1/09
37.315.00,Arctostaphylos morroensis,,Alliance,Shrub,9/1/09
37.304.00,Arctostaphylos myrtifolia,,Alliance,Shrub,11/1/95
37.306.00,"Arctostaphylos (nummularia, sensitiva) [inactive]",,Alliance,Shrub,9/1/09
37.316.00,Arctostaphylos pajaroensis,,Alliance,Shrub,9/1/09
37.303.00,Arctostaphylos patula – Arctostaphylos nevadensis,,Alliance,Shrub,11/1/95
37.310.00,Arctostaphylos pungens – Arctostaphylos pringlei,,Alliance,Shrub,9/1/09
37.318.00,Arctostaphylos pumila,Provisional,Alliance,Shrub,9/1/09
37.322.00,"Arctostaphylos (purissima, rudis)",,Special Stands,Shrub,9/1/09
37.320.00,Arctostaphylos silvicola [inactive],Provisional,Alliance,Shrub,9/1/09
37.319.00,Arctostaphylos stanfordiana [inactive],Provisional,Alliance,Shrub,9/1/09
37.305.00,Arctostaphylos viscida,,Alliance,Shrub,11/1/95
35.120.00,Artemisia arbuscula ssp. arbuscula,,Alliance,Shrub,11/1/95
35.121.00,Artemisia arbuscula ssp. longicaulis [inactive],Provisional,Alliance,Shrub,9/1/09
32.010.00,Artemisia californica [inactive],,Alliance,Shrub,11/1/95
32.110.00,Artemisia californica – Eriogonum fasciculatum [inactive],,Alliance,Shrub,11/1/95
32.120.00,Artemisia californica – Salvia mellifera [inactive],,Alliance,Shrub,11/1/95
35.150.00,Artemisia cana,,Alliance,Shrub,9/1/09
35.130.00,Artemisia nova,,Alliance,Shrub,11/1/95
35.140.00,Artemisia rothrockii,,Alliance,Shrub,11/1/95
35.110.00,Artemisia tridentata,,Alliance,Shrub,11/1/95
35.111.00,Artemisia tridentata ssp. vaseyana,,Alliance,Shrub,9/1/09
36.310.00,Atriplex canescens,,Alliance,Shrub,11/1/95
36.320.00,Atriplex confertifolia,,Alliance,Shrub,11/1/95
36.330.00,Atriplex hymenelytra,,Alliance,Shrub,11/1/95
36.370.00,Atriplex lentiformis,,Alliance,Shrub,9/1/09
36.340.00,Atriplex polycarpa,,Alliance,Shrub,11/1/95
36.350.00,Atriplex spinifera,,Alliance,Shrub,11/1/95
63.520.00,Baccharis emoryi [inactive],Provisional,Alliance,Shrub,9/1/09
32.060.00,Baccharis pilularis,,Alliance,Shrub,11/1/95
63.510.00,Baccharis salicifolia,,Alliance,Shrub,11/1/95
63.530.00,Baccharis sergiloides [inactive],,Alliance,Shrub,9/1/09
63.620.00,Betula glandulosa,Provisional,Alliance,Shrub,9/1/09
63.610.00,Betula occidentalis,,Alliance,Shrub,11/1/95
32.180.00,Cytisus scoparius – Genista monspessulana – Cotoneaster spp.,,Semi-Natural Alliance,Shrub,11/1/95
91.126.00,Cassiope mertensiana,Provisional,Alliance,Shrub,9/1/09
33.110.00,Castela emoryi,,Special Stands,Shrub,11/1/95
37.209.00,Ceanothus cordulatus [inactive],,Alliance,Shrub,11/1/95
37.208.00,Ceanothus crassifolius,,Alliance,Shrub,11/1/95
37.211.00,Ceanothus cuneatus,,Alliance,Shrub,11/1/95
37.212.00,Ceanothus greggii – Fremontodendron californicum,,Alliance,Shrub,9/1/09
37.206.00,Ceanothus integerrimus [inactive],,Alliance,Shrub,11/1/95
37.205.00,Ceanothus leucodermis,,Alliance,Shrub,11/1/95
37.201.00,Ceanothus megacarpus,,Alliance,Shrub,11/1/95
37.207.00,"Ceanothus (oliganthus, tomentosus)",,Alliance,Shrub,11/1/95
37.215.00,Ceanothus papillosus,,Alliance,Shrub,9/1/09
37.214.00,Ceanothus spinosus [inactive],,Alliance,Shrub,9/1/09
37.204.00,Ceanothus thyrsiflorus,,Alliance,Shrub,11/1/95
37.210.00,Ceanothus velutinus,,Alliance,Shrub,11/1/95
37.216.00,Ceanothus verrucosus,Provisional,Alliance,Shrub,9/1/09
63.300.00,Cephalanthus occidentalis,,Alliance,Shrub,11/1/95
76.300.00,Amelanchier utahensis – Cercocarpus montanus – Cercocarpus intricatus,,Alliance,Shrub,9/1/09
76.200.00,Cercocarpus ledifolius,,Alliance,Shrub,11/1/95
76.100.00,Cercocarpus montanus,,Alliance,Shrub,11/1/95
37.417.00,Chrysolepis chrysophylla [inactive],,Alliance,Shrub,9/1/09
37.700.00,Chrysolepis sempervirens,,Alliance,Shrub,11/1/95
33.020.00,Coleogyne ramosissima,,Alliance,Shrub,11/1/95
43.100.00,Coreopsis gigantea,,Alliance,Shrub,9/1/09
63.330.00,Cornus sericea,,Alliance,Shrub,9/1/09
37.950.00,Corylus cornuta var. californica,,Alliance,Shrub,9/1/09
33.050.00,Cylindropuntia bigelovii,,Alliance,Shrub,11/1/95
38.110.00,Dasiphora fruticosa,,Alliance,Shrub,9/1/09
43.110.00,Deinandra clementina – Eriogonum giganteum,,Alliance,Shrub,9/1/09
37.750.00,Dendromecon rigida [inactive],,Alliance,Shrub,9/1/09
32.082.00,Diplacus aurantiacus,,Alliance,Shrub,9/1/09
32.050.00,Encelia californica [inactive],,Alliance,Shrub,11/1/95
33.030.00,Encelia farinosa,,Alliance,Shrub,11/1/95
33.025.00,"Encelia (actoni, virginensis) [inactive]",,Alliance,Shrub,9/1/09
33.270.00,Ephedra californica – Ephedra trifurca,,Alliance,Shrub,11/1/95
33.275.00,Ephedra funerea,,Alliance,Shrub,9/1/09
33.280.00,Ephedra nevadensis [inactive],,Alliance,Shrub,9/1/09
33.285.00,Ephedra viridis,,Alliance,Shrub,9/1/09
38.125.00,Ericameria linearifolia – Cleome isomeris,,Alliance,Shrub,11/1/95
35.310.00,Ericameria nauseosa,,Alliance,Shrub,11/1/95
38.130.00,Ericameria palmeri,Provisional,Alliance,Shrub,9/1/09
35.340.00,Ericameria paniculata,,Alliance,Shrub,9/1/09
35.320.00,Ericameria parryi,,Alliance,Shrub,11/1/95
35.330.00,Ericameria teretifolia,,Alliance,Shrub,9/1/09
37.080.00,Eriodictyon californicum [inactive],,Alliance,Shrub,9/1/09
37.090.00,Eriodictyon crassifolium [inactive],Provisional,Alliance,Shrub,9/1/09
32.035.00,Eriogonum cinereum [inactive],,Alliance,Shrub,9/1/09
32.040.00,Eriogonum fasciculatum,,Alliance,Shrub,11/1/95
32.100.00,Eriogonum fasciculatum – Salvia apiana,,Alliance,Shrub,11/1/95
32.045.00,Eriogonum heermannii [inactive],Provisional,Alliance,Shrub,9/1/09
32.041.00,Eriogonum wrightii [inactive],,Alliance,Shrub,9/1/09
61.580.00,Rhus trilobata – Crataegus rivularis – Forestiera pubescens,,Alliance,Shrub,9/1/09
37.920.00,Frangula californica [inactive],,Alliance,Shrub,9/1/09
39.040.00,Garrya elliptica [inactive],Provisional,Alliance,Shrub,9/1/09
33.180.00,Grayia spinosa [inactive],,Alliance,Shrub,11/1/95
32.042.00,Gutierrezia californica [inactive],Provisional,Alliance,Shrub,9/1/09
32.043.00,Gutierrezia sarothrae – Gutierrezia microcephala,,Alliance,Shrub,9/1/09
32.055.00,Hazardia squarrosa,,Alliance,Shrub,9/1/09
37.911.00,Heteromeles arbutifolia [inactive],,Alliance,Shrub,9/1/09
39.100.00,Holodiscus discolor [inactive],,Alliance,Shrub,11/1/95
33.190.00,Hyptis emoryi [inactive],,Alliance,Shrub,9/1/09
32.044.00,Isocoma menziesii,,Alliance,Shrub,9/1/09
33.340.00,Justicia californica [inactive],Provisional,Alliance,Shrub,9/1/09
45.406.00,Kalmia microphylla,Provisional,Alliance,Shrub,9/1/09
32.065.00,Keckiella antirrhinoides,,Alliance,Shrub,9/1/09
33.100.00,Koeberlinia spinosa,,Special Stands,Shrub,9/1/09
36.500.00,Krascheninnikovia lanata,,Alliance,Shrub,11/1/95
33.010.00,Larrea tridentata,,Alliance,Shrub,11/1/95
33.140.00,Larrea tridentata – Ambrosia dumosa,,Alliance,Shrub,9/1/09
33.027.00,Larrea tridentata – Encelia farinosa,,Alliance,Shrub,9/1/09
32.070.00,Lepidospartum squamatum,,Alliance,Shrub,11/1/95
73.110.00,Notholithocarpus densiflorus var. echinoides,,Alliance,Shrub,9/1/09
52.240.00,Lotus scoparius [inactive],,Alliance,Shrub,9/1/09
32.081.00,Lupinus albifrons [inactive],,Alliance,Shrub,9/1/09
32.080.00,Lupinus arboreus,,Alliance and Semi-Natural Alliance,Shrub,11/1/95
32.160.00,Lupinus chamissonis – Ericameria ericoides,,Alliance,Shrub,11/1/95
33.360.00,Lycium andersonii [inactive],,Alliance,Shrub,9/1/09
33.365.00,Lycium californicum,,Alliance,Shrub,9/1/09
45.450.00,Malacothamnus fasciculatus – Malacothamnus spp.,,Alliance,Shrub,9/1/09
45.455.00,Malosma laurina,,Alliance,Shrub,9/1/09
33.290.00,Menodora spinescens,,Alliance,Shrub,9/1/09
37.930.00,Morella californica [inactive],,Alliance,Shrub,9/1/09
33.080.00,"Nolina (bigelovii, parryi)",,Alliance,Shrub,11/1/95
32.150.00,Opuntia littoralis – Opuntia oricola – Cylindropuntia prolifera,,Alliance,Shrub,11/1/95
33.150.00,Carnegiea gigantea – Parkinsonia microphylla – Prosopis velutina,Provisional,Alliance,Shrub,9/1/09
45.402.00,Phyllodoce breweri,,Alliance,Shrub,9/1/09
45.404.00,Phyllodoce empetriformis,Provisional,Alliance,Shrub,9/1/09
63.710.00,Pluchea sericea,,Alliance,Shrub,11/1/95
37.900.00,Prunus emarginata [inactive],Provisional,Alliance,Shrub,9/1/09
33.300.00,Prunus fasciculata [inactive],,Alliance,Shrub,9/1/09
33.220.00,Prunus fremontii,,Alliance,Shrub,9/1/09
37.910.00,Prunus ilicifolia [inactive],,Alliance,Shrub,11/1/95
37.905.00,Prunus virginiana,,Alliance,Shrub,9/1/09
33.240.00,Purshia stansburiana,,Alliance,Shrub,9/1/09
35.200.00,Purshia tridentata – Artemisia tridentata,,Alliance,Shrub,11/1/95
37.407.00,Quercus berberidifolia,,Alliance,Shrub,11/1/95
37.409.00,Quercus berberidifolia – Adenostoma fasciculatum [inactive],,Alliance,Shrub,11/1/95
37.413.00,Quercus chrysolepis (shrub) [inactive],,Alliance,Shrub,11/1/95
37.415.00,Quercus cornelius-mulleri,,Alliance,Shrub,9/1/09
37.405.00,Quercus durata,,Alliance,Shrub,11/1/95
37.411.00,Quercus garryana (shrub),,Alliance,Shrub,11/1/95
37.418.00,Quercus john-tuckeri,,Alliance,Shrub,9/1/09
37.416.00,Quercus dumosa – Quercus pacifica,,Alliance,Shrub,9/1/09
37.419.00,Quercus palmeri,,Alliance,Shrub,9/1/09
37.412.00,Quercus sadleriana,,Alliance,Shrub,11/1/95
71.095.00,Quercus turbinella,,Alliance,Shrub,9/1/09
37.414.00,Quercus vacciniifolia,,Alliance,Shrub,11/1/95
37.420.00,Quercus wislizeni (shrub) [inactive],,Alliance,Shrub,11/1/95
63.425.00,Rhododendron columbianum,,Alliance,Shrub,9/1/09
63.310.00,Rhododendron occidentale [inactive],Provisional,Alliance,Shrub,9/1/09
37.803.00,Rhus integrifolia,,Alliance,Shrub,9/1/09
37.801.00,Rhus ovata,,Alliance,Shrub,9/1/09
37.802.00,Rhus trilobata [inactive],Provisional,Alliance,Shrub,9/1/09
37.960.00,Ribes quercetorum [inactive],Provisional,Alliance,Shrub,9/1/09
63.907.00,Rosa californica,,Alliance,Shrub,9/1/09
63.320.00,Cornus sericea – Rosa woodsii – Ribes spp.,,Alliance,Shrub,10/25/19
63.906.00,Rubus armeniacus – Sesbania punicea – Ficus carica,,Semi-Natural Alliance,Shrub,9/1/09
63.901.00,"Rubus (parviflorus, spectabilis, ursinus) [inactive]",,Alliance,Shrub,9/1/09
33.310.00,Salazaria mexicana [inactive],,Alliance,Shrub,9/1/09
61.213.00,Salix bebbiana [inactive],,Alliance,Shrub,9/1/09
61.215.00,Salix breweri [inactive],,Alliance,Shrub,9/1/09
61.112.00,Salix eastwoodiae [inactive],,Alliance,Shrub,9/1/09
61.209.00,Salix exigua,,Alliance,Shrub,11/1/95
61.212.00,Salix geyeriana [inactive],,Alliance,Shrub,9/1/09
61.203.00,Salix hookeriana [inactive],,Alliance,Shrub,11/1/95
61.118.00,Salix jepsonii,,Alliance,Shrub,9/1/09
61.201.00,Salix lasiolepis,,Alliance,Shrub,11/1/95
61.113.00,Salix lemmonii [inactive],,Alliance,Shrub,9/1/09
61.210.00,Salix lutea [inactive],,Alliance,Shrub,9/1/09
91.127.00,Salix nivalis,Provisional,Alliance,Shrub,9/1/09
61.115.00,Salix orestera,,Alliance,Shrub,9/1/09
61.116.00,Salix petrophila,,Alliance,Shrub,9/1/09
61.119.00,Salix planifolia,Provisional,Alliance,Shrub,9/1/09
61.206.00,Salix sitchensis [inactive],Provisional,Alliance,Shrub,11/1/95
32.030.00,Salvia apiana,,Alliance,Shrub,11/1/95
33.320.00,Salvia dorrii [inactive],,Alliance,Shrub,9/1/09
32.090.00,Salvia leucophylla [inactive],,Alliance,Shrub,11/1/95
32.020.00,Salvia mellifera [inactive],,Alliance,Shrub,11/1/95
36.400.00,Sarcobatus vermiculatus,,Alliance,Shrub,11/1/95
36.200.00,Suaeda moquinii,,Alliance,Shrub,11/1/95
33.005.00,Simmondsia chinensis,Provisional,Alliance,Shrub,9/1/09
63.410.00,Sambucus nigra [inactive],,Alliance,Shrub,11/1/95
63.810.00,Tamarix spp.,,Semi-Natural Alliance,Shrub,11/1/95
33.350.00,Tetracoccus hallii,Provisional,Alliance,Shrub,9/1/09
33.330.00,Tidestromia oblongifolia [inactive],Provisional,Alliance,Shrub,9/1/09
37.940.00,Toxicodendron diversilobum,,Alliance,Shrub,9/1/09
45.405.00,Vaccinium cespitosum,,Alliance,Shrub,9/1/09
45.410.00,Vaccinium uliginosum,,Alliance,Shrub,9/1/09
39.030.00,Venegasia carpesioides,,Alliance,Shrub,9/1/09
33.032.00,Eriogonum fasciculatum – Viguiera parishii,,Alliance,Shrub,9/1/09
33.033.00,Viguiera reticulata [inactive],,Alliance,Shrub,9/1/09
33.070.00,Yucca schidigera,,Alliance,Shrub,11/1/95
33.225.00,Ziziphus obtusifolia,,Special Stands,Shrub,9/1/09
21.100.00,Abronia latifolia – Ambrosia chamissonis,,Alliance,Herb,11/1/95
41.120.00,Achnatherum hymenoides,,Alliance,Herb,11/1/95
41.090.00,Achnatherum speciosum,,Alliance,Herb,11/1/95
42.003.00,Aegilops triuncialis,Provisional,Semi-Natural Alliance,Herb,9/1/09
42.030.00,Agropyron cristatum – Bromus inermis – Poa pratensis,,Semi-Natural Alliance,Herb,11/1/95
45.106.00,"Agrostis (gigantea, stolonifera) – Festuca arundinacea [inactive]",,Semi-Natural Alliance,Herb,9/1/09
42.006.00,Alopecurus geniculatus,Provisional,Alliance,Herb,9/1/09
33.065.00,Ambrosia psilostachya,Provisional,Alliance,Herb,9/1/09
42.010.00,Ammophila arenaria,,Semi-Natural Alliance,Herb,11/1/95
42.110.00,"Amsinckia (menziesii, tessellata) – Phacelia spp.",,Alliance,Herb,9/1/09
52.214.00,Anemopsis californica – Helianthus nuttallii – Solidago spectabilis,,Alliance,Herb,9/1/09
38.140.00,Argentina egedii [inactive],,Alliance,Herb,9/1/09
45.425.00,Aristida purpurea [inactive],Provisional,Alliance,Herb,9/1/09
35.160.00,Artemisia dracunculus,,Alliance,Herb,9/1/09
52.212.00,Arthrocnemum subterminale,,Alliance,Herb,9/1/09
42.080.00,Arundo donax [inactive],,Semi-Natural Alliance,Herb,11/1/95
52.211.00,Atriplex prostrata – Cotula coronopifolia,,Semi-Natural Alliance,Herb,9/1/09
44.150.00,"Avena (barbata, fatua) [inactive]",,Semi-Natural Alliance,Herb,9/1/09
52.106.00,"Azolla (filiculoides, microphylla)",,Alliance,Herb,11/1/95
45.413.00,Bistorta bistortoides – Mimulus primuloides [inactive],,Alliance,Herb,9/1/09
52.112.00,Bolboschoenus maritimus,,Alliance,Herb,9/1/09
42.011.00,Brassica nigra – Raphanus spp. [inactive],,Semi-Natural Alliance,Herb,9/1/09
42.026.00,"Bromus (diandrus, hordeaceus) – Brachypodium distachyon [inactive]",,Semi-Natural Alliance,Herb,9/1/09
42.024.00,"Bromus rubens – Schismus (arabicus, barbatus)",,Semi-Natural Alliance,Herb,9/1/09
42.020.00,Bromus tectorum – Taeniatherum caput-medusae,,Semi-Natural Alliance,Herb,11/1/95
21.125.00,"Cakile (edentula, maritima)",Provisional,Semi-Natural Alliance,Herb,9/1/09
41.224.00,Calamagrostis canadensis [inactive],,Alliance,Herb,9/1/09
45.141.00,Calamagrostis muiriana,,Alliance,Herb,11/1/95
41.190.00,Calamagrostis nutkaensis,,Alliance,Herb,11/1/95
41.211.00,Calamagrostis purpurascens,,Alliance,Herb,9/1/09
45.416.00,Camassia quamash [inactive],,Alliance,Herb,9/1/09
45.168.00,"Carex (aquatilis, lenticularis) [inactive]",,Alliance,Herb,9/1/09
45.142.00,Carex barbarae,,Alliance,Herb,9/1/09
45.150.00,Carex breweri,,Alliance,Herb,9/1/09
45.160.00,Carex congdonii,Provisional,Alliance,Herb,9/1/09
45.165.00,Carex densa [inactive],Provisional,Alliance,Herb,9/1/09
45.169.00,Carex douglasii [inactive],Provisional,Alliance,Herb,9/1/09
45.140.00,Carex filifolia,,Alliance,Herb,11/1/95
45.145.00,Carex helleri,,Alliance,Herb,9/1/09
45.115.00,Carex heteroneura,Provisional,Alliance,Herb,9/1/09
45.175.00,Carex integra [inactive],Provisional,Alliance,Herb,9/1/09
45.162.00,Carex jonesii,,Alliance,Herb,9/1/09
45.166.00,Carex lasiocarpa,Provisional,Alliance,Herb,9/1/09
45.178.00,Carex limosa [inactive],,Alliance,Herb,9/1/09
45.179.00,Carex luzulina [inactive],Provisional,Alliance,Herb,9/1/09
45.181.00,Carex microptera [inactive],Provisional,Alliance,Herb,9/1/09
45.130.00,Carex nebrascensis [inactive],,Alliance,Herb,11/1/95
45.164.00,Carex nigricans,Provisional,Alliance,Herb,9/1/09
45.182.00,Carex nudata,,Alliance,Herb,9/1/09
45.183.00,Carex obnupta  [inactive],,Alliance,Herb,9/1/09
45.184.00,"Carex (pansa, praegracilis) [inactive]",,Alliance,Herb,9/1/09
45.120.00,Carex scopulorum [inactive],,Alliance,Herb,9/1/09
45.180.00,Carex serratodens [inactive],Provisional,Alliance,Herb,9/1/09
45.190.00,Carex simulata [inactive],,Alliance,Herb,9/1/09
45.155.00,Juncus drummondii,,Alliance,Herb,9/1/09
45.185.00,Carex straminiformis,Provisional,Alliance,Herb,9/1/09
45.186.00,Carex subnigricans,,Alliance,Herb,9/1/09
52.121.00,"Carex (utriculata, vesicaria) [inactive]",,Alliance,Herb,11/1/95
21.200.00,Mesembryanthemum spp. – Carpobrotus spp.,,Semi-Natural Alliance,Herb,11/1/95
42.042.00,"Centaurea (solstitialis, melitensis) [inactive]",,Semi-Natural Alliance,Herb,9/1/09
42.043.00,Centaurea (virgata),Provisional,Semi-Natural Alliance,Herb,9/1/09
44.160.00,Centromadia (pungens),,Alliance,Herb,9/1/09
42.100.00,Cirsium fontinale [inactive],,Alliance,Herb,9/1/09
45.311.00,Cistanthe (umbellata) – Gayophytum (diffusum),,Alliance,Herb,9/1/09
45.556.00,Conium maculatum – Foeniculum vulgare,,Semi-Natural Alliance,Herb,9/1/09
42.070.00,"Cortaderia (jubata, selloana)",,Semi-Natural Alliance,Herb,11/1/95
46.100.00,Cressa truxillensis – Distichlis spicata,,Alliance,Herb,9/1/09
42.044.00,Cynosurus echinatus – Arrhenatherum elatius,,Semi-Natural Alliance,Herb,9/1/09
41.050.00,Danthonia californica [inactive],,Alliance,Herb,11/1/95
41.051.00,Danthonia intermedia,Provisional,Alliance,Herb,9/1/09
51.200.00,Darlingtonia californica,,Alliance,Herb,11/1/95
44.161.00,Deinandra fasciculata,,Alliance,Herb,9/1/09
41.220.00,Deschampsia cespitosa [inactive],,Alliance,Herb,11/1/95
22.100.00,Dicoria canescens – Abronia villosa [inactive],,Alliance,Herb,11/1/95
41.200.00,Distichlis spicata [inactive],,Alliance,Herb,11/1/95
52.115.00,Dulichium arundinaceum,Provisional,Alliance,Herb,9/1/09
45.231.00,Eleocharis acicularis [inactive],,Alliance,Herb,9/1/09
45.230.00,Eleocharis macrostachya [inactive],,Alliance,Herb,9/1/09
45.220.00,Eleocharis quinqueflora [inactive],,Alliance,Herb,9/1/09
41.630.00,Elymus glaucus Montane,,Alliance,Herb,9/1/09
41.650.00,"Elymus (elymoides, multisetus) [inactive]",Provisional,Alliance,Herb,9/1/09
38.120.00,Ericameria discoidea – Hulsea algida,,Alliance,Herb,9/1/09
42.004.00,Eryngium aristulatum,,Alliance,Herb,9/1/09
43.200.00,Eschscholzia (californica) – Lupinus (nanus),,Alliance,Herb,9/1/09
91.170.00,Festuca brachyphylla,,Alliance,Herb,9/1/09
41.250.00,Festuca idahoensis [inactive],,Alliance,Herb,11/1/95
41.255.00,Festuca rubra [inactive],,Alliance,Herb,9/1/09
52.500.00,Frankenia salina [inactive],,Alliance,Herb,9/1/09
41.222.00,"Glyceria (elata, striata) [inactive]",,Alliance,Herb,9/1/09
41.223.00,Glyceria ×occidentalis [inactive],Provisional,Alliance,Herb,9/1/09
52.206.00,"Grindelia (camporum, stricta) [inactive]",Provisional,Alliance,Herb,9/1/09
42.050.00,Holcus lanatus – Anthoxanthum odoratum,,Semi-Natural Alliance,Herb,9/1/09
42.052.00,Hordeum brachyantherum [inactive],,Alliance,Herb,9/1/09
52.117.00,"Hydrocotyle (ranunculoides, umbellata)",,Alliance,Herb,9/1/09
45.401.00,Iris missouriensis,Provisional,Alliance,Herb,9/1/09
52.109.00,"Isoetes (bolanderi, echinospora, howellii, nuttallii, occidentalis)",Provisional,Alliance,Herb,11/1/95
45.562.00,"Juncus arcticus (var. balticus, mexicanus)",,Alliance,Herb,9/1/09
45.563.00,Juncus cooperi [inactive],,Alliance,Herb,9/1/09
45.561.00,Juncus effusus [inactive],,Alliance,Herb,9/1/09
45.569.00,Juncus lescurii [inactive],,Alliance,Herb,9/1/09
45.567.00,Juncus nevadensis [inactive],,Alliance,Herb,9/1/09
45.568.00,"Juncus (oxymeris, xiphioides) [inactive]",Provisional,Alliance,Herb,9/1/09
45.566.00,Juncus parryi,,Alliance,Herb,9/1/09
45.564.00,Juncus patens [inactive],Provisional,Alliance,Herb,9/1/09
91.115.00,Kobresia myosuroides,,Alliance,Herb,9/1/09
44.108.00,Lasthenia californica – Plantago erecta – Vulpia microstachys,,Alliance,Herb,9/1/09
44.119.00,Lasthenia fremontii – Distichlis spicata,,Alliance,Herb,9/1/09
42.007.00,Lasthenia fremontii – Downingia (bicornuta),,Alliance,Herb,9/1/09
44.140.00,Lasthenia glaberrima – Eleocharis macrostachya,,Alliance,Herb,9/1/09
42.002.00,Layia fremontii – Achyrachaena mollis,,Alliance,Herb,9/1/09
52.105.00,Lemna (minor) and Relatives,Provisional,Alliance,Herb,11/1/95
52.205.00,Lepidium latifolium – Lactuca serriola,,Semi-Natural Alliance,Herb,9/1/09
41.020.00,Leymus cinereus [inactive],,Alliance,Herb,11/1/95
41.265.00,Leymus condensatus,,Alliance,Herb,9/1/09
41.260.00,Leymus mollis,,Alliance,Herb,9/1/09
41.080.00,Leymus triticoides [inactive],,Alliance,Herb,11/1/95
41.321.00,Lolium perenne,,Semi-Natural Alliance,Herb,9/1/09
52.230.00,Lotus unifoliolatus,Provisional,Alliance,Herb,9/1/09
52.118.00,"Ludwigia (hexapetala, peploides) – Eichhornia crassipes",,Semi-Natural Alliance,Herb,9/1/09
41.275.00,Melica torreyana [inactive],Provisional,Alliance,Herb,9/1/09
44.111.00,Mimulus (guttatus) [inactive],,Alliance,Herb,9/1/09
44.113.00,Montia fontana – Sidalcea calycosa,,Alliance,Herb,9/1/09
41.276.00,Muhlenbergia filiformis [inactive],Provisional,Alliance,Herb,9/1/09
41.277.00,Muhlenbergia richardsonis [inactive],Provisional,Alliance,Herb,9/1/09
41.278.00,Muhlenbergia rigens,,Alliance,Herb,9/1/09
41.140.00,Nassella cernua [inactive],Provisional,Alliance,Herb,11/1/95
41.110.00,Nassella lepida [inactive],Provisional,Alliance,Herb,11/1/95
41.150.00,Nassella pulchra [inactive],,Alliance,Herb,11/1/95
52.110.00,Nuphar lutea,Provisional,Alliance,Herb,11/1/95
52.119.00,Oenanthe sarmentosa [inactive],,Alliance,Herb,9/1/09
45.418.00,Oxypolis occidentalis,,Alliance,Herb,9/1/09
91.122.00,Oxyria digyna,Provisional,Alliance,Herb,9/1/09
42.095.00,Panicum urvilleanum [inactive],,Alliance,Herb,9/1/09
42.085.00,Pennisetum setaceum – Pennisetum ciliare,,Semi-Natural Alliance,Herb,9/1/09
45.414.00,Penstemon heterodoxus,Provisional,Alliance,Herb,9/1/09
45.415.00,Penstemon newberryi,,Alliance,Herb,9/1/09
42.207.00,Polygonum lapathifolium – Xanthium strumarium,,Alliance,Herb,9/1/09
42.051.00,Phalaris aquatica – Phalaris arundinacea,,Semi-Natural Alliance,Herb,9/1/09
91.123.00,Phlox covillei,,Alliance,Herb,9/1/09
91.150.00,Phlox pulvinata,,Alliance,Herb,9/1/09
41.061.00,Phragmites australis [inactive],,Alliance,Herb,11/1/95
43.300.00,Plagiobothrys nothofulvus,,Alliance,Herb,9/1/09
41.610.00,Pleuraphis jamesii,,Alliance,Herb,9/1/09
41.030.00,Pleuraphis rigida,,Alliance,Herb,11/1/95
42.060.00,Poa pratensis [inactive],,Semi-Natural Alliance,Herb,11/1/95
41.180.00,Poa secunda [inactive],,Alliance,Herb,11/1/95
41.040.00,Festuca idahoensis – Pseudoroegneria spicata – Poa secunda,,Alliance,Herb,8/7/20
41.225.00,Ptilagrostis kingii,,Alliance,Herb,9/1/09
52.202.00,"Ruppia (cirrhosa, maritima)",,Alliance,Herb,11/1/95
52.215.00,Sarcocornia pacifica (Salicornia depressa),,Alliance,Herb,11/1/95
91.124.00,Saxifraga nidifica,Provisional,Alliance,Herb,9/1/09
91.125.00,Saxifraga tolmiei,Provisional,Alliance,Herb,9/1/09
52.122.00,Schoenoplectus acutus [inactive],,Alliance,Herb,9/1/09
52.111.00,Schoenoplectus americanus – Schoenoplectus pungens,,Alliance,Herb,9/1/09
52.114.00,Schoenoplectus californicus [inactive],,Alliance,Herb,9/1/09
52.113.00,Scirpus microcarpus [inactive],,Alliance,Herb,9/1/09
43.400.00,Sedum spathulifolium,Provisional,Alliance,Herb,9/1/09
42.062.00,"Selaginella (bigelovii, wallacei)",,Alliance,Herb,9/1/09
45.419.00,Senecio triangularis [inactive],,Alliance,Herb,9/1/09
52.210.00,Sesuvium verrucosum,,Alliance,Herb,9/1/09
45.420.00,Solidago canadensis,Provisional,Alliance,Herb,9/1/09
52.010.00,Sparganium (angustifolium),,Alliance,Herb,11/1/95
41.070.00,"Spartina (alterniflora, densiflora)",,Semi-Natural Alliance,Herb,9/1/09
52.020.00,Spartina foliosa,,Alliance,Herb,9/1/09
52.030.00,Spartina gracilis [inactive],,Alliance,Herb,9/1/09
41.010.00,Sporobolus airoides [inactive],,Alliance,Herb,11/1/95
52.107.00,Stuckenia (pectinata) – Potamogeton spp.,,Alliance,Herb,11/1/95
41.600.00,Swallenia alexandrae [inactive],,Special Stands,Herb,9/1/09
45.171.00,Torreyochloa pallida [inactive],,Alliance,Herb,9/1/09
45.135.00,Triantha occidentalis – Narthecium californicum,,Alliance,Herb,9/1/09
45.426.00,Trifolium longipes [inactive],Provisional,Alliance,Herb,9/1/09
42.005.00,Trifolium variegatum,,Alliance,Herb,9/1/09
52.050.00,"Typha (angustifolia, domingensis, latifolia)",,Alliance,Herb,11/1/95
45.423.00,Veratrum californicum [inactive],,Alliance,Herb,9/1/09
52.213.00,Spergularia marina,Provisional,Alliance,Herb,2/22/13
45.191.00,Carex echinata [inactive],,Alliance,Herb,3/7/13
33.090.00,Fouquieria splendens [inactive],,Alliance,Tree,11/1/95
36.210.00,Isocoma acradenia [inactive],Provisional,Alliance,Shrub,9/5/13
33.325.00,Fallugia paradoxa,Provisional,Alliance,Shrub,2/3/17
36.220.00,Atriplex parryi [inactive],Provisional,Alliance,Shrub,6/14/16
33.375.00,Mortonia utahensis,,Alliance,Shrub,12/12/16
22.110.00,Wislizenia refracta [inactive],,Special Stands,Herb,
52.160.00,Cladium californicum,,Alliance,Herb,12/30/14
45.260.00,"Eleocharis (palustris, rostellata) Alkaline-Saline",,Alliance,Herb,12/30/14
42.230.00,"Heterotheca (oregona, sessiliflora)",,Alliance,Herb,12/30/14
41.131.00,Bromus carinatus – Elymus glaucus,,Alliance,Herb,12/7/16
61.590.00,Psorothamnus fremontii – Psorothamnus polydenius,,Alliance,Shrub,12/12/16
33.305.00,Amphipappus fremontii – Salvia funerea,,Alliance,Shrub,6/10/16
,Arctostaphylos nevadensis [inactive],Provisional,Alliance,Shrub,
61.218.00,Salix boothii – Salix geyeriana – Salix lutea,,Alliance,Shrub,5/28/19
42.640.00,Allium spp. – Streptanthus spp. – Hesperolinon spp. Serpentinite,,Alliance,Herb,8/30/21
32.230.00,"Corethrogyne filaginifolia – Eriogonum (elongatum, nudum)",,Alliance,Herb,4/13/16
41.279.00,Poa secunda – Muhlenbergia richardsonis – Carex douglasii,,Alliance,Herb,7/21/16
41.195.00,Calamagrostis scopulorum – Andropogon glomeratus,,Alliance,Herb,4/13/16
33.055.00,Cylindropuntia acanthocarpa / Pleuraphis rigida,,Alliance,Shrub,4/13/16
87.240.00,Pinus muricata – Pinus radiata,,Alliance,Tree,6/20/16
88.501.00,Abies concolor Dry,,Alliance,Tree,5/9/16
33.295.00,Aloysia wrightii – Pericome caudata – Ephedra nevadensis,Provisional,Alliance,Non-vascular,6/10/16
61.565.00,Celtis laevigata var. reticulata – Rhus trilobata,Provisional,Alliance,Shrub,6/10/16
22.310.00,Chorizanthe rigida – Geraea canescens Desert Pavement,,Alliance,Herb,6/10/16
36.130.00,Monolopia (lanceolata) – Coreopsis (calliopsidea),,Alliance,Herb,6/10/16
33.265.00,Peucephyllum schottii – Pleurocoronis pluriseta [pending],,Alliance,Shrub,6/10/16
79.300.00,Phoenix dactylifera – Washingtonia filifera,,Semi-Natural Alliance,Tree,6/10/16
41.100.00,"Sphaeralcea (ambigua, coccinea, parvifolia)",,Alliance,Herb,6/10/16
63.540.00,Vitis arizonica – Vitis girdiana,,Alliance,Shrub,6/10/16
42.630.00,Dudleya cymosa – Dudleya lanceolata / Lichen – Moss,,Alliance,Herb,6/10/16
61.216.00,Salix gooddingii – Salix laevigata,,Alliance,Tree,7/20/16
42.081.00,Phragmites australis – Arundo donax,,Semi-Natural Alliance,Herb,1/24/17
43.120.00,Dudleya greenei – Dudleya spp. Succulent Scrub,,Alliance,Herb,10/5/16
77.100.00,Quercus tomentella – Lyonothamnus floribundus,,Alliance,Tree,10/27/16
32.036.00,Eriogonum arborescens – Eriogonum grande,,Alliance,Shrub,12/2/16
37.912.00,Prunus ilicifolia – Heteromeles arbutifolia – Ceanothus spinosus,,Alliance,Shrub,10/27/16
37.421.00,Quercus cedrosensis [pending],,Special Stands,Tree,11/7/16
63.550.00,Baccharis emoryi – Baccharis sergiloides,,Alliance,Shrub,11/21/16
32.046.00,Eriogonum wrightii – Eriogonum heermannii – Buddleja utahensis,,Alliance,Shrub,11/21/16
42.240.00,"Holocarpha (heermannii, virgata) [pending]",,Alliance,Herb,11/21/16
33.045.00,Senegalia greggii – Hyptis emoryi – Justicia californica,,Alliance,Shrub,11/22/16
37.323.00,"Arctostaphylos (canescens, manzanita, stanfordiana)",,Alliance,Shrub,12/1/16
45.570.00,"Juncus (effusus, patens) – Carex (pansa, praegracilis)",,Alliance,Herb,7/1/22
45.232.00,"Eleocharis (acicularis, macrostachya) [inactive]",,Alliance,Herb,12/1/16
42.027.00,Avena spp. – Bromus spp.,,Semi-Natural Alliance,Herb,12/1/16
41.151.00,Nassella spp. – Melica spp.,,Alliance,Herb,12/2/16
37.324.00,Arctostaphylos bakeri – Arctostaphylos montana – Arctostaphylos obispoensis,,Alliance,Shrub,8/30/21
42.220.00,Cynodon dactylon – Crypsis spp. – Paspalum spp.,,Semi-Natural Alliance,Herb,7/1/22
63.909.00,Gaultheria shallon – Rubus (ursinus),,Alliance,Shrub,8/30/21
63.910.00,Rubus spectabilis – Morella californica,,Alliance,Shrub,8/30/21
52.126.00,Ceratophyllum demersum Aquatic,Provisional,Alliance,Herb,12/14/16
41.081.00,Leymus cinereus – Leymus triticoides,,Alliance,Herb,12/14/16
32.051.00,Encelia californica – Eriogonum cinereum,,Alliance,Shrub,12/14/16
52.124.00,Nuphar spp. – Potamogeton spp. – Lemna spp. Freshwater Aquatic [inactive],Provisional,Alliance,Herb,1/12/17
52.125.00,Brasenia schreberi Aquatic [pending],Provisional,Alliance,Herb,1/12/17
63.311.00,Frangula californica – Rhododendron occidentale – Salix breweri,,Alliance,Shrub,1/13/17
61.514.00,Prosopis glandulosa – Prosopis velutina – Prosopis pubescens,,Alliance,Tree,1/24/17
61.555.00,Chilopsis linearis – Psorothamnus spinosus,,Alliance,Tree,1/25/17
33.315.00,Prunus fasciculata – Salazaria mexicana,,Alliance,Shrub,1/25/17
35.350.00,Chrysothamnus viscidiflorus,,Alliance,Shrub,1/25/17
42.012.00,Brassica tournefortii – Malcolmia africana,Provisional,Semi-natural Alliance,Herb,1/25/17
22.105.00,Dicoria canescens – Abronia villosa – Panicum urvilleanum,,Alliance,Herb,2/10/17
35.355.00,Ephedra viridis – Chrysothamnus viscidiflorus – Rhus trilobata [pending],Provisional,Alliance,Shrub,2/14/17
52.060.00,Sporobolus airoides – Muhlenbergia asperifolia – Spartina gracilis,,Alliance,Herb,8/8/18
33.185.00,Ephedra nevadensis – Lycium andersonii – Grayia spinosa,,Alliance,Shrub,2/22/17
52.070.00,"Equisetum (arvense, variegatum, hyemale)",,Alliance,Herb,2/22/17
42.205.00,Bidens cernua – Euthamia occidentalis – Ludwigia palustris,,Alliance,Herb,8/30/21
33.037.00,"Encelia (actonii, virginensis) – Viguiera reticulata",,Alliance,Shrub,2/27/17
52.127.00,Hydrilla verticillata – Myriophyllum spicatum,,Semi-Natural Alliance,Herb,2/28/17
52.128.00,"Schoenoplectus (acutus, californicus)",,Alliance,Herb,2/28/17
45.187.00,Carex amplifolia – Carex interior – Carex sheldonii [pending],Provisional,Alliance,Herb,3/21/17
35.331.00,Chrysothamnus albidus [inactive],Provisional,Alliance,Shrub,3/22/17
42.013.00,"Brassica nigra – Centaurea (solstitialis, melitensis)",,Semi-Natural Alliance,Herb,12/21/18
32.025.00,Salvia mellifera – (Artemisia californica),,Alliance,Shrub,2/27/25
32.015.00,Artemisia californica – (Salvia leucophylla),,Alliance,Shrub,12/21/18
37.070.00,Lotus scoparius – Lupinus albifrons – Eriodictyon spp.,,Alliance,Shrub,8/30/21
41.660.00,Aristida purpurea – Elymus elymoides – Poa secunda,,Alliance,Herb,3/18/19
42.015.00,Salsola tragus – Isatis tinctoria – Bassia spp. [pending],,Semi-Natural Alliance,Herb,3/18/19
37.970.00,Prunus emarginata – Holodiscus discolor,,Alliance,Shrub,3/19/19
71.045.00,Quercus lobata Riparian,,Alliance,Tree,8/30/21
79.400.00,Hesperocyparis macrocarpa – Pinus radiata,,Semi-Natural Alliance,Tree,8/30/21
61.217.00,Salix hookeriana – Salix sitchensis – Spiraea douglasii,,Alliance,Shrub,7/1/22
32.037.00,Eriogonum spp. / Poa secunda,,Alliance,Shrub,10/2/19
43.000.00,Navarretia leucocephala ssp. minima – Plagiobothrys cusickii,,Alliance,Herb,10/2/19
41.281.00,Danthonia californica – Deschampsia cespitosa – Camassia quamash,,Alliance,Herb,10/10/19
52.710.00,"Zostera (marina, pacifica) Pacific Aquatic",,Alliance,Herb,10/25/19
87.125.00,Pinus ponderosa / Shrub Understory,,Alliance,Tree,11/21/19
45.107.00,Poa pratensis – Agrostis gigantea – Agrostis stolonifera,,Semi-Natural Alliance,Herb,11/22/19
41.251.00,Festuca idahoensis – Danthonia californica,,Alliance,Herb,1/7/20
37.425.00,Quercus wislizeni – Quercus chrysolepis (shrub),,Alliance,Shrub,1/29/20
32.056.00,Hazardia squarrosa – Ericameria palmeri [pending],,Alliance,Shrub,1/29/20
21.310.00,Eriophyllum staechadifolium – Erigeron glaucus – Eriogonum latifolium,,Alliance,Herb,1/31/20
21.320.00,Artemisia pycnocephala [inactive],,Alliance,Herb,1/31/20
87.005.00,Pinus ponderosa – Calocedrus decurrens – Pseudotsuga menziesii,,Alliance,Tree,8/30/21
37.110.00,Adenostoma fasciculatum – Salvia spp.,,Alliance,Shrub,1/31/20
41.221.00,Deschampsia cespitosa – Hordeum brachyantherum – Danthonia californica,,Alliance,Herb,1/31/20
37.340.00,"Arctostaphylos (nummularia, sensitiva) – Chrysolepis chrysophylla",,Alliance,Shrub,8/30/21
32.220.00,Acacia spp. – Grevillea spp. – Leptospermum laevigatum,,Semi-natural Alliance,Shrub,7/1/22
81.450.00,"Hesperocyparis (pigmaea, abramsiana, macrocarpa, goveniana)",,Alliance,Tree,7/1/22
81.550.00,Hesperocyparis macnabiana – Hesperocyparis sargentii,,Alliance,Tree,8/30/21
61.460.00,Acer macrophyllum – Alnus rubra [inactive],,Alliance,Tree,2/13/20
45.188.00,"Carex (nudata, serratodens) [inactive]",,Alliance,Herb,2/24/20
41.289.00,Agastache urticifolia – Geranium viscosissimum – Pteridium aquilinum,,Alliance,Herb,2/27/25
81.609.00,Hesperocyparis forbesii – Hesperocyparis nevadensis,,Alliance,Tree,8/30/21
37.422.00,Quercus vacciniifolia – Chrysolepis sempervirens [pending],,,Shrub,9/21/20
37.217.00,Ceanothus cordulatus – Ceanothus integerrimus,,Alliance,Shrub,2/27/25
45.167.00,Carex lyngbyei,Provisional,Alliance,Herb,8/30/21
37.341.00,Arctostaphylos columbiana [pending],Provisional,Alliance,Shrub,3/2/21
82.250.00,Pseudotsuga menziesii – (Notholithocarpus densiflorus – Arbutus menziesii),,Alliance,Tree,2/27/25
61.121.00,Salix eastwoodiae – Salix lemmonii,,Alliance,Shrub,
45.403.00,Juncus drummondii – Juncus parryi – Sibbaldia procumbens [pending],,Alliance,Herb,
45.189.00,Carex obnupta – Oenanthe sarmentosa – Scirpus microcarpus,,Alliance,Herb,7/1/22
41.205.00,Deschampsia cespitosa – Festuca rubra Brackish Salt Marsh,Provisional,Alliance,Herb,7/1/22
45.192.00,Carex limosa – Carex simulata – Eleocharis quinqueflora,,Alliance,Herb,1/30/25
45.240.00,Carex utriculata – Calamagrostis canadensis,,Alliance,Herb,2/27/25
91.128.00,Phlox covillei – Ericameria discoidea [pending],,Alliance,Herb,
37.980.00,Salix scouleriana [pending],Provisional,Alliance,Shrub,9/22/21
45.427.00,Senecio triangularis – Veratrum californicum – Mimulus spp.,,Alliance,Herb,2/27/25
41.640.00,Elymus glaucus [inactive],,Alliance,,9/1/09
52.216.00,Grindelia (stricta) [inactive],Provisional, Alliance,Herb,7/1/22
44.112.00,Mimulus guttatus – Cirsium spp. – Stachys spp.,,Alliance,Herb,2/27/25
37.965.00,Ribes quercetorum – Rhus trilobata – Frangula californica,,Alliance,Shrub,2/27/25
63.312.00,Cephalanthus occidentalis – Rosa californica [pending],,Alliance,Shrub,11/28/22
52.129.00,Ranunculus aquatilis – Callitriche palustris – Callitriche heterophylla [pending],Provisional,Alliance,Herb,
41.201.00,Distichlis spicata – (Juncus cooperi – Frankenia salina) Interior,,Alliance,Herb,2/27/25
41.202.00,Distichlis spicata – Frankenia salina Coastal,,Alliance,Herb,2/27/25
80.100.00,Cornus sericea [inactive],,Alliance,,9/1/09
71.040.00,Quercus lobata [inactive],,Alliance,Tree,11/1/95
61.125.00,Populus angustifolia – Populus trichocarpa [pending],,,Tree,
61.470.00,Populus trichocarpa – Alnus rubra – Fraxinus latifolia [pending],,Alliance,Tree,1/9/25
62.100.00,Tsuga heterophylla – Picea sitchensis / Lysichiton americanus [pending],,,Tree,1/9/25
45.195.00,Carex pansa – Juncus falcatus Interdunal [pending],,,Herb,1/16/25
37.218.00,Ceanothus oliganthus – Ceanothus leucodermis – Ceanothus tomentosus [pending],,Alliance,Shrub,7/2/25
41.261.00,Arctostaphylos uva-ursi – Vaccinium ovatum Sand Dune,,,,
21.120.00,Leymus mollis – Festuca rubra [pending],,Alliance,,8/7/25
37.325.00,"Arctostaphylos (hooveri, luciana) [pending]",,Alliance,Shrub,10/2/25
42.035.00,Ehrharta calycina [pending],Provisional,Semi-Natural Alliance,Herb,11/3/25
83.400.00,Alnus rubra – Acer macrophyllum [pending],,Alliance,,11/13/25
45.428.00,Trifolium longipes – Muhlenbergia filiformis,,Alliance,Herb,
88.540.00,Abies concolor – Pinus ponderosa [pending],Provisional,Alliance,,1/15/26
33.335.00,Eriogonum ovalifolium – Fallugia paradoxa – Andropogon hallii [pending],,,"Shrub, Herb",1/29/26
91.129.00,Polygonum davisiae – Eriogonum marifolium – Arenaria pumicola [pending],,Alliance,,3/6/26